{"epoch": 19, "train_loss": 0.6335557699203491, "_timestamp": 1715111904.869149, "_runtime": 36.827576875686646, "_step": 19, "_wandb": {"runtime": 36}}