{"epoch": 19, "train_loss": 0.6033956706523895, "_timestamp": 1715112263.2275999, "_runtime": 36.592649936676025, "_step": 19, "_wandb": {"runtime": 36}}