{"train_loss": 0.629151776432991, "epoch": 19, "_timestamp": 1715111574.9061, "_runtime": 36.42635202407837, "_step": 19, "_wandb": {"runtime": 35}}