{"train_loss": [0.709151566028595, 0.7166962027549744, 0.7198833227157593, 0.6927838325500488, 0.6840958446264267, 0.6841750741004944, 0.6801693439483643, 0.693372905254364, 0.7011816948652267, 0.685126930475235, 0.6733226329088211, 0.6801038533449173, 0.6727579981088638, 0.6676217615604401, 0.6574638336896896, 0.6656308621168137, 0.7016871124505997, 0.7045988291501999, 0.6776305437088013, 0.621270164847374], "epochs": 20, "_timestamp": 1715110794.518672, "_runtime": 36.422816038131714, "_step": 0, "_wandb": {"runtime": 35}}