{"epoch": 19, "train_loss": 0.5606885254383087, "_timestamp": 1715112003.453561, "_runtime": 36.91420102119446, "_step": 19, "_wandb": {"runtime": 36}}