{"train_loss": 0.6456233561038971, "_timestamp": 1715111066.936936, "_runtime": 36.03490090370178, "_step": 19, "_wandb": {"runtime": 35}}